n_clients,loss_rate,max_latency,mean_latency,mean_launch_time,clients_per_sec
50,0.16,0.015552372,0.007341528095238093,0.0147924725,5401.105374794276
100,0.27,0.038437664,0.01134162265753424,0.01714301,3798.35777741332
150,0.25666666666666665,0.043531756,0.01622315101793721,0.033548576499999996,5122.697094966718
200,0.275,1.872456367,0.11993398599655172,0.0681518915,154.87677315794028
250,0.286,0.069833717,0.024495691745098042,0.108102912,5112.143751420249
300,0.3233333333333333,1.045847573,0.049443891147783255,0.14031003250000001,388.2018857063409
