n_clients,loss_rate,max_latency,mean_latency,mean_launch_time,clients_per_sec
50,0.16799999999999998,0.015240303,0.007085596447115385,0.01034856,13648.022614773472
100,0.23799999999999996,1.035836164,0.025047024792650925,0.0197568636,367.8187856742951
150,0.28800000000000003,7.741882792,0.3385100712359547,0.0458397404,68.97546944934426
200,0.29400000000000004,4.360181118,0.15818948928470258,0.060169481200000006,161.91987921910908
250,0.26320000000000005,1.02735931,0.029267543716612412,0.1056703104,896.4731141629504
300,0.9226666666666667,0.096828257,0.033782365948275855,0.0989485782,1197.9973986312693
